{"app": [{"nombre": "la america", "Coordenadas": [6.249534, -75.608652], "aqi": [75.84504055818721, 118.58702093841603, 111.81545842635572, 135.67182514707642, 113.15728846589407, 94.87266906412115, 80.02619339189687, 56.76733051495013, 40.57911793497031, 54.919615874586036, 46.77439684657501, 39.04129247870243, 33.77605829321382, 53.140752829746994, 49.26565482903815, 55.647413309023364, 52.62072197929822, 43.721961467524004, 48.58433844346912, 34.06167463430827, 69.81392535450851, 113.00827919644517, 84.49839595198898, 138.05256376647026, 118.08801232856132, 91.74622867063972, 112.97164352829611, 82.24928095383845, 72.67177824536441, 79.31535983272572, 63.904214513033516, 57.18805291274828, 56.86935760951012, 34.717565193956595, 67.5292036496038, 48.11796378211299, 54.032916391107726, 62.172798673133755, 63.51380372653966, 73.71820550973285, 83.04692975852123, 48.64608587007955, 31.95029044006782, 37.5001806930172, 42.41514108141053, 39.616367693117674, 101.63943901368637, 82.5366964006846, 91.42826918846768, 80.7427631330697, 56.97262939761057, 66.83556492702552, 53.67441470601774, 67.57916772273195, 62.15662201529943, 71.21400049194531, 66.91389167237915, 71.44757943989609, 73.51104069057934, 67.07431185165557, 60.022637130771145, 70.14368788073476, 41.46891475214266, 70.54501346791278, 79.33122767399533, 101.10106815541515, 90.53013539531088, 99.01938258145664, 67.67053482326827, 83.73198551072115, 79.8578532894618, 140.61927308740368, 93.14205074974709, 80.95193905702737, 65.67786371552879, 58.96450833916583, 66.64193826668793, 54.44881644380967, 59.863729403369774, 7.214969664555596, 64.86018670954822, 73.45976148799005, 108.74818960736532, 157.93871458471406, 96.54360475988469, 84.36700992998604, 79.38367211727287, 94.36374473403563, 88.0987321271169, 128.78953328436802, 152.57910342652826, 78.81198677647367]}]}