{"app": [{"nombre": "la america", "Coordenadas": [6.24989184652452, -75.61641254187703], "aqi": [78.0812424797523, 120.82908180424562, 112.860372515714, 133.7634052606639, 115.32203348608246, 88.08133377722473, 81.65073789368981, 55.65437425515255, 28.32617983515494, 52.98974751816382, 33.32340959415641, 28.99348849339028, 23.348024701446423, 51.92032679277351, 38.782624097633985, 51.475292119342825, 47.5065130821569, 33.21083637400838, 43.69601462710907, 24.02942155026461, 25.582965749212203, 69.26791089220843, 121.4077574317595, 89.06696590933072, 151.2496278613315, 122.63758925403963, 94.99931094397868, 114.62588390850144, 71.94820306632565, 63.009494782537054, 75.73731593873228, 74.34388884845924, 59.0969053216035, 48.23457094614051, 51.14703051642709, 22.418289179824328, 62.039632329699884, 36.714147527384355, 43.05141070273224, 58.043684736391576, 59.57772342989786, 67.126603523003, 76.71937123595518, 44.70861463941975, 37.18026538497746, 39.99643586247825, 43.51525277057618, 44.58868093713733, 104.57868870590153, 79.76653739539282, 95.42783284062013, 82.01433010741087, 52.834510934400804, 67.8153431093035, 52.25977460734469, 67.04862463157288, 60.47127767566498, 67.55715725156765, 62.35144576871424, 69.45521572955658, 73.25048806771353, 63.01144385930391, 64.2488765362627, 71.88417284040084, 40.218366907886455, 73.08829890730684, 84.57787718651518, 104.0441298677379, 89.69424036896903, 98.40206286177634, 64.70972111507862, 79.33515769344571, 77.8093337069958, 145.25764207958002, 91.09834301786096, 78.49622443734157, 62.2752220905915, 56.52605240119028, 61.127320054150815, 44.99576617865438, 57.726803450920166, 2.895200349371345, 63.2138274209166, 73.36549386283718, 111.71688799140459, 160.41116631324437, 94.18272740500548, 75.81657402117735, 86.72442013416503, 78.03705856439922, 96.19451060652693, 89.12070622321136, 133.80657269470456, 154.19734913239571, 70.67796582021438]}, {"nombre": "Robledo", "Coordenadas": [6.266110119867184, -75.59954896793089], "aqi": [56.58765147101415, 85.33172483404239, 91.25959461559066, 98.63772334444322, 87.17416149478953, 96.27215262826485, 64.49545381183059, 38.22410885691407, 4.095808129876531, 38.88097329128947, 58.73571687751564, 28.57351146203411, 54.28144606350332, 53.901246436471205, 56.92789854721004, 57.18975952565978, 58.313739758283994, 57.49010534936314, 53.49228860900058, 65.17621933391345, 65.3640368446766, 66.6244107740573, 57.57372473853615, 70.38590681929756, 81.28238639061472, 80.02544889031293, 87.994352857742, 90.40993653124502, 78.03149721537346, 78.13669032057433, 60.7015163860273, 74.06548447190929, 65.81482311073435, 58.151625525235694, 89.56772008087691, 58.85428547012189, 65.1007695393237, 72.84353469775802, 73.90821137878109, 84.36838759366199, 90.30927679259061, 69.04592947353886, 33.137980822036404, 45.54622598874175, 47.84405732862471, 19.2415595193878, 14.796618518391579, 71.80919863213597, 67.9822563409803, 52.107665170340205, 57.059023364831525, 56.11879247952095, 52.69474641256819, 53.643554439141354, 66.77058287953096, 16.833642112138698, 36.7712992858391, 56.66267069353085, 66.21380738848416, 67.76425629059204, 63.78500811188852, 57.4694236865277, 74.47574943711889, 57.99824461292988, 57.140666160728, 60.26114514594609, 70.34052249069278, 79.50553322229601, 93.32771104273957, 69.4819233803932, 93.82174069581275, 70.46649581649173, 109.05232425012039, 99.64947722327346, 67.17056975706122, 68.79893367796005, 68.5895508186222, 73.05992245516643, 57.745343429143325, 67.60126295192487, 62.07771995995156, 76.38762444261182, 86.95917301192425, 93.12616881114538, 118.82504293869499, 96.72761286630396, 63.090976236809816, 73.48527790962143, 77.45468437532766, 70.29191073653283, 86.88834422111492, 95.67294663917279, 100.82238078570512]}]}